<?xml version="1.0" ?>
<graph>
	<node id="Netherlands"/>
	<node id="Italy"/>
	<node id="Portugal"/>
	<node id="Scotland"/>
	<node id="France"/>
	<node id="Germany"/>
	<node id="Ireland"/>
	<node id="Wales"/>
	<node id="Belgium"/>
	<node id="England"/>
	<node id="Spain"/>
	<edge from="Spain" label="" to="France" wt="1"/>
	<edge from="France" label="" to="Spain" wt="1"/>
	<edge from="Wales" label="" to="Scotland" wt="1"/>
	<edge from="Germany" label="" to="France" wt="1"/>
	<edge from="Belgium" label="" to="Germany" wt="1"/>
	<edge from="England" label="" to="Wales" wt="1"/>
	<edge from="France" label="" to="Italy" wt="1"/>
	<edge from="Netherlands" label="" to="Belgium" wt="1"/>
	<edge from="France" label="" to="Belgium" wt="1"/>
	<edge from="Wales" label="" to="England" wt="1"/>
	<edge from="Netherlands" label="" to="Germany" wt="1"/>
	<edge from="Scotland" label="" to="Wales" wt="1"/>
	<edge from="Portugal" label="" to="Spain" wt="1"/>
	<edge from="Belgium" label="" to="Netherlands" wt="1"/>
	<edge from="Scotland" label="" to="England" wt="1"/>
	<edge from="Spain" label="" to="Portugal" wt="1"/>
	<edge from="Germany" label="" to="Netherlands" wt="1"/>
	<edge from="Germany" label="" to="Belgium" wt="1"/>
	<edge from="France" label="" to="Germany" wt="1"/>
	<edge from="Italy" label="" to="France" wt="1"/>
	<edge from="Belgium" label="" to="France" wt="1"/>
	<edge from="England" label="" to="Scotland" wt="1"/>
</graph>

